Permit Number,Permit Type,Permit Type Definition,Permit Creation Date,Block,Lot,Street Number,Street Number Suffix,Street Name,Street Suffix,Unit,Unit Suffix,Description,Current Status,Current Status Date,Filed Date,Issued Date,Completed Date,First Construction Document Date,Structural Notification,Number of Existing Stories,Number of Proposed Stories,Voluntary Soft-Story Retrofit,Fire Only Permit,Permit Expiration Date,Estimated Cost,Revised Cost,Existing Use,Existing Units,Proposed Use,Proposed Units,Plansets,TIDF Compliance,Existing Construction Type,Existing Construction Type Description,Proposed Construction Type,Proposed Construction Type Description,Site Permit,Supervisor District,Neighborhoods - Analysis Boundaries,Zipcode,Location,Record ID
2.01604E+11,4,sign - erect,4/19/2016,306,7,440,,Geary,St,0,,remove (e) awning and associated signs.,issued,8/3/2017,4/19/2016,8/3/2017,,8/3/2017,,7,,,,12/3/2017,1,500,tourist hotel/motel,,,,2,,3,constr type 3,,,,3,Tenderloin,94102,"(37.78733980600732, -122.41063199757738)",1.42016E+12
2.01605E+11,3,additions alterations or repairs,5/27/2016,595,203,1647,,Pacific,Av,,,installation of separating wall,withdrawn,9/26/2017,5/27/2016,,,,,6,6,,,,20000,,retail sales,39,retail sales,39,2,,1,constr type 1,1,constr type 1,,3,Russian Hill,94109,"(37.7946573324287, -122.42232562979227)",1.42486E+12
2.01611E+11,8,otc alterations permit,11/7/2016,156,11,1230,,Pacific,Av,0,,repair dryrot & stucco at front of bldg.,complete,7/24/2017,11/7/2016,7/18/2017,7/24/2017,7/18/2017,,2,2,,,7/13/2018,2000,2000,1 family dwelling,1,1 family dwelling,1,2,,5,wood frame (5),5,wood frame (5),,3,Nob Hill,94109,"(37.79595867909168, -122.41557405519474)",1.44357E+12
2.01611E+11,6,demolitions,11/28/2016,342,1,950,,Market,St,,,demolish retail/office/commercial 3-story building,issued,12/1/2017,11/28/2016,12/1/2017,,11/20/2017,,3,,,,12/1/2018,100000,100000,retail sales,,,,2,,3,constr type 3,,,,6,Tenderloin,94102,"(37.78315261897309, -122.40950883997789)",1.44548E+11
2.01706E+11,8,otc alterations permit,6/14/2017,4105,9,800,,Indiana,St,,,evac maps,issued,7/6/2017,6/14/2017,7/6/2017,,7/6/2017,,5,5,,Y,7/1/2018,4000,4000,apartments,326,apartments,326,2,,1,constr type 1,1,constr type 1,,10,Potrero Hill,94107,"(37.75922331346539, -122.39170402628598)",1.46691E+12
2.01706E+11,8,otc alterations permit,6/30/2017,1739,20,1291,,11th,Av,0,,re-roofing,complete,7/12/2017,6/30/2017,6/30/2017,7/12/2017,6/30/2017,,3,3,,,6/25/2018,12000,12000,apartments,5,apartments,5,0,,5,wood frame (5),5,wood frame (5),,5,Inner Sunset,94122,"(37.764145640138565, -122.46875112470363)",1.46897E+12
M803667,8,otc alterations permit,6/30/2017,4789,14,1465,,Revere,Av,,,streetspace,issued,6/30/2017,6/30/2017,6/30/2017,,6/30/2017,,,,,,,,0,,,,,,,,,,,,10,Bayview Hunters Point,94124,"(37.73005099023611, -122.38784938916618)",1.46904E+12
M804227,8,otc alterations permit,7/5/2017,1212,54,2094,,Fell,St,,,street space permit,issued,7/5/2017,7/5/2017,7/5/2017,,7/5/2017,,,,,,,,1,,,,,,,,,,,,5,Lone Mountain/USF,94117,"(37.772393498502595, -122.45231466824669)",1.4692E+12
M804767,8,otc alterations permit,7/6/2017,1259,16,89,,Alpine,Tr,,,street space,issued,7/6/2017,7/6/2017,7/6/2017,,7/6/2017,,,,,,,,0,,,,,,,,,,,,8,Haight Ashbury,94117,"(37.7691724293766, -122.43734859051908)",1.46932E+11
M805287,8,otc alterations permit,7/6/2017,3541,1,106,,Sanchez,St,,,street space,issued,7/6/2017,7/6/2017,7/6/2017,,7/6/2017,,,,,,,,1,,,,,,,,,,,,8,Castro/Upper Market,94114,"(37.767349757757145, -122.43140682973024)",1.46945E+12
M805907,8,otc alterations permit,7/7/2017,829,21,675,,Fell,St,,,street space,issued,7/7/2017,7/7/2017,7/7/2017,,7/7/2017,,,,,,,,1,,,,,,,,,,,,5,Hayes Valley,94102,"(37.774914087334544, -122.42886839796792)",1.46962E+11
M806447,8,otc alterations permit,7/10/2017,6537,23,4082,,25th,St,,,street space,issued,7/10/2017,7/10/2017,7/10/2017,,7/10/2017,,,,,,,,1,,,,,,,,,,,,8,Noe Valley,94114,"(37.75006779619502, -122.43127350268124)",1.46978E+12
2.01707E+11,8,otc alterations permit,7/25/2017,6589,002R,681,,27th,St,,,remove and replace landscape wall,filed,7/25/2017,7/25/2017,,,,,2,2,,,,30000,0,1 family dwelling,1,1 family dwelling,1,2,,5,wood frame (5),5,wood frame (5),,8,Noe Valley,94131,"(37.7462205625642, -122.4353484860549)",1.4718E+12
M813729,8,otc alterations permit,7/26/2017,1049,27,2761,,Pine,St,,,street space,issued,7/26/2017,7/26/2017,7/26/2017,,7/26/2017,,,,,,,,1,,,,,,,,,,,,2,Pacific Heights,94115,"(37.78676200041077, -122.44124093333335)",1.47204E+11
M813907,8,otc alterations permit,7/27/2017,243,43,840,,Powell,St,301,,street space,issued,7/27/2017,7/27/2017,7/27/2017,,7/27/2017,,,,,,,,1,,,,,,,,,,,,3,Chinatown,94108,"(37.7926690651263, -122.40883941791454)",1.47209E+11
M813967,8,otc alterations permit,7/27/2017,268,8,220,,Montgomery,St,,,street space permit,issued,7/27/2017,7/27/2017,7/27/2017,,7/27/2017,,,,,,,,1,,,,,,,,,,,,3,Financial District/South Beach,94104,"(37.79130641988351, -122.40198579459195)",1.47212E+11
M814148,8,otc alterations permit,7/27/2017,3621,97,3707,,21st,St,0,,street space & sidewalk repair,issued,7/27/2017,7/27/2017,7/27/2017,,7/27/2017,,,,,,,,1,,,,,,,,,,,,8,Noe Valley,94114,"(37.75607840165479, -122.43041143390109)",1.47218E+12
2.01707E+11,8,otc alterations permit,7/28/2017,472,42,1307,,Bay,St,1,,soft story ordinance sf building code chptr 34b and fema p807,filed,7/28/2017,7/28/2017,,,,,4,4,,,,75000,0,apartments,6,apartments,6,2,,5,wood frame (5),5,wood frame (5),,2,Marina,94123,"(37.8035183252307, -122.42863180996076)",1.47228E+12
M814368,8,otc alterations permit,7/28/2017,2659,1,263,,Corbett,Av,0,,street space,issued,7/28/2017,7/28/2017,7/28/2017,,7/28/2017,,,,,,,,1,,,,,,,,,,,,8,Castro/Upper Market,94114,"(37.761092365437214, -122.44402154957145)",1.4723E+12
M814967,8,otc alterations permit,7/31/2017,1176,68,1624,,Fulton,St,,,street space,issued,7/31/2017,7/31/2017,7/31/2017,,7/31/2017,,,,,,,,1,,,,,,,,,,,,5,Lone Mountain/USF,94117,"(37.77640228859421, -122.44361679686382)",1.47262E+12
2.01708E+11,8,otc alterations permit,8/1/2017,6529,10,3410,,26th,St,,,repair fire damage to comply with nov #201551241.,filed,8/1/2017,8/1/2017,,,,,2,2,,,,100000,0,2 family dwelling,2,2 family dwelling,2,2,,5,wood frame (5),5,wood frame (5),,9,Mission,94110,"(37.74914175355125, -122.41849211166853)",1.47273E+12
2.01708E+11,3,additions alterations or repairs,8/1/2017,74,43,2150,,Taylor,St,,,"soft story retrofit per sfebc chapter 4d, asce 41-06.",filed,8/1/2017,8/1/2017,,,,,3,3,,,,100000,,apartments,6,apartments,6,2,,5,wood frame (5),5,wood frame (5),,3,Russian Hill,94133,"(37.802405951667645, -122.41446286561653)",1.47281E+11
M816927,8,otc alterations permit,8/7/2017,941,12,2824,,Filbert,St,,,street space,issued,8/7/2017,8/7/2017,8/7/2017,,8/7/2017,,,,,,,,1,,,,,,,,,,,,2,Marina,94123,"(37.79697456740493, -122.44615769723546)",1.47359E+11
2.01708E+11,8,otc alterations permit,8/8/2017,542,39,1,,Charlton,Ct,,,re-roofing,issued,8/8/2017,8/8/2017,8/8/2017,,8/8/2017,,4,4,,,8/8/2018,64650,64650,apartments,9,apartments,9,0,,5,wood frame (5),5,wood frame (5),,2,Marina,94123,"(37.79739093461306, -122.43127133823367)",1.4738E+12
2.01708E+11,8,otc alterations permit,8/16/2017,1824,6,1435,,29th,Av,,,re-roofing,issued,8/16/2017,8/16/2017,8/16/2017,,8/16/2017,,2,2,,,2/16/2018,7000,7000,1 family dwelling,1,1 family dwelling,1,0,,5,wood frame (5),5,wood frame (5),,4,Sunset/Parkside,94122,"(37.76052279949518, -122.4879889739165)",1.47484E+12
M820728,8,otc alterations permit,8/18/2017,1449,6,331,,17th,Av,,,street space,issued,8/18/2017,8/18/2017,8/18/2017,,8/18/2017,,,,,,,,1,,,,,,,,,,,,1,Outer Richmond,94121,"(37.78177022745135, -122.47658979438802)",1.47522E+12
M821207,8,otc alterations permit,8/21/2017,1193,24,120,,Shrader,St,,,street space & sidewalk repair,issued,8/21/2017,8/21/2017,8/21/2017,,8/21/2017,,,,,,,,1,,,,,,,,,,,,5,Lone Mountain/USF,94117,"(37.77371007080848, -122.45243180846707)",1.47538E+11
M821268,8,otc alterations permit,8/21/2017,1851,12,1512,,06th,Av,,,street space,issued,8/21/2017,8/21/2017,8/21/2017,,8/21/2017,,,,,,,,1,,,,,,,,,,,,7,Inner Sunset,94122,"(37.760252335082875, -122.4625393396095)",1.47541E+12
M821847,8,otc alterations permit,8/22/2017,326,1,165,,Powell,St,,,street space,issued,8/22/2017,8/22/2017,8/22/2017,,8/22/2017,,,,,,,,1,,,,,,,,,,,,3,Tenderloin,94102,"(37.78625524960107, -122.40834431815433)",1.47561E+12
M822307,8,otc alterations permit,8/23/2017,182,4,1441,,Taylor,St,0,,street space,issued,8/23/2017,8/23/2017,8/23/2017,,8/23/2017,,,,,,,,1,,,,,,,,,,,,3,Nob Hill,94133,"(37.79566333315149, -122.41363462406336)",1.47576E+12
M822487,8,otc alterations permit,8/23/2017,3580,17,3830,,18th,St,0,,street space permit,issued,8/23/2017,8/23/2017,8/23/2017,,8/23/2017,,,,,,,,1,,,,,,,,,,,,8,Castro/Upper Market,94114,"(37.761512899115466, -122.42911964946909)",1.4758E+12
M822707,8,otc alterations permit,8/23/2017,3610,41,563,,Capp,St,,,street space,issued,8/23/2017,8/23/2017,8/23/2017,,8/23/2017,,,,,,,,0,,,,,,,,,,,,9,Mission,94110,"(37.75771026684177, -122.4175528755785)",1.47584E+12
2.01708E+11,3,additions alterations or repairs,8/24/2017,3749,47,76,,Lansing,St,,,"mandatory soft-story compliance per sfebc ch.4d, criteria fema p807 & asce 41-13.",approved,12/14/2017,8/24/2017,,,,,3,3,,,,73000,73000,apartments,6,apartments,6,2,,5,wood frame (5),5,wood frame (5),,6,Financial District/South Beach,94105,"(37.78595425737664, -122.39444130117158)",1.47603E+12
M823847,8,otc alterations permit,8/25/2017,3545,018A,1810,,15th,St,,,street space,issued,8/25/2017,8/25/2017,8/25/2017,,8/25/2017,,,,,,,,1,,,,,,,,,,,,8,Mission,94103,"(37.766508011617525, -122.42470825254468)",1.47623E+12
M824007,8,otc alterations permit,8/25/2017,749,006A,1445,,Eddy,St,,,street space,issued,8/25/2017,8/25/2017,8/25/2017,,8/25/2017,,,,,,,,1,,,,,,,,,,,,5,Western Addition,94115,"(37.7813061748427, -122.43142154292566)",1.47627E+11
M824127,8,otc alterations permit,8/28/2017,6551,23,1383,,Church,St,,,street space,issued,8/28/2017,8/28/2017,8/28/2017,,8/28/2017,,,,,,,,1,,,,,,,,,,,,8,Noe Valley,94114,"(37.748779856735744, -122.42683572581998)",1.47636E+12
M824927,8,otc alterations permit,8/29/2017,6597,24,681,,San Jose,Av,,,street space,issued,8/29/2017,8/29/2017,8/29/2017,,8/29/2017,,,,,,,,1,,,,,,,,,,,,8,Bernal Heights,94110,"(37.74446179156465, -122.42217241874201)",1.47671E+12
M825267,8,otc alterations permit,8/29/2017,1572,17,606,,30th,Av,,,street space,issued,8/29/2017,8/29/2017,8/29/2017,,8/29/2017,,,,,,,,1,,,,,,,,,,,,1,Outer Richmond,94121,"(37.77767213358907, -122.48966493609916)",1.47672E+12
M828787,8,otc alterations permit,9/7/2017,177,22,655,,Pacific,Av,0,,street space,issued,9/7/2017,9/7/2017,9/7/2017,,9/7/2017,,,,,,,,0,,,,,,,,,,,,3,Chinatown,94133,"(37.79673343870443, -122.40610115140781)",1.47787E+12
M829567,8,otc alterations permit,9/8/2017,490,2,3325,,Steiner,St,,,street space,issued,9/8/2017,9/8/2017,9/8/2017,,9/8/2017,,,,,,,,1,,,,,,,,,,,,2,Marina,94123,"(37.80002156448977, -122.43806594677513)",1.47814E+11
M832207,8,otc alterations permit,9/15/2017,1609,021F,700,,36th,Av,,,street space,issued,9/15/2017,9/15/2017,9/15/2017,,9/15/2017,,,,,,,,1,,,,,,,,,,,,1,Outer Richmond,94121,"(37.77554028396788, -122.49601102992328)",1.47953E+12
2.01709E+11,8,otc alterations permit,9/15/2017,1429,10,249,,04th,Av,,,soft story retrofit per sfebc chapter 4d: 2016 cebc appendix a-4,filed,9/15/2017,9/15/2017,,,,,3,3,,,,18000,0,apartments,6,apartments,6,2,,5,wood frame (5),5,wood frame (5),,1,Inner Richmond,94118,"(37.7839252036892, -122.46267353170244)",1.47974E+12
M833229,8,otc alterations permit,9/19/2017,605,28,2379,,Jackson,St,1,,street space,issued,9/19/2017,9/19/2017,9/19/2017,,9/19/2017,,,,,,,,1,,,,,,,,,,,,2,Pacific Heights,94115,"(37.792266300903314, -122.4340191358936)",1.48016E+12
M834107,8,otc alterations permit,9/21/2017,7151,14,247,,Saint Charles,Av,0,,street space,issued,9/21/2017,9/21/2017,9/21/2017,,9/21/2017,,,,,,,,1,,,,,,,,,,,,7,Oceanview/Merced/Ingleside,94132,"(37.70944796125683, -122.4690186732598)",1.48058E+12
M836287,8,otc alterations permit,9/27/2017,540,2,2843,,Webster,St,,,street space,issued,9/27/2017,9/27/2017,9/27/2017,,9/27/2017,,,,,,,,1,,,,,,,,,,,,2,Marina,94123,"(37.79686934709798, -122.43412132328224)",1.48122E+12
M836847,8,otc alterations permit,9/28/2017,959,29,2615,,Divisadero,St,,,street space,issued,9/28/2017,9/28/2017,9/28/2017,,9/28/2017,,,,,,,,1,,,,,,,,,,,,2,Pacific Heights,94123,"(37.79391508281414, -122.44195481827035)",1.48143E+12
M839427,8,otc alterations permit,10/4/2017,6780,34,252,,Cotter,St,,,street space,issued,10/4/2017,10/4/2017,10/4/2017,,10/4/2017,,,,,,,,1,,,,,,,,,,,,11,Outer Mission,94112,"(37.729885737657085, -122.43669590253097)",1.4822E+12
2.0171E+11,8,otc alterations permit,10/11/2017,5934,20,938,,Felton,St,,,reroofing,complete,10/31/2017,10/11/2017,10/11/2017,10/31/2017,10/11/2017,,2,2,,,4/11/2018,14000,14000,1 family dwelling,1,1 family dwelling,1,0,,5,wood frame (5),5,wood frame (5),,9,Portola,94134,"(37.72775517946509, -122.41419227409298)",1.48293E+12
M842668,8,otc alterations permit,10/11/2017,1558,9,535,,15th,Av,,,street space pmerit,issued,10/11/2017,10/11/2017,10/11/2017,,10/11/2017,,,,,,,,1,,,,,,,,,,,,1,Outer Richmond,94118,"(37.777944902487455, -122.47412411653805)",1.48295E+12
M842987,8,otc alterations permit,10/11/2017,797,22,896,,Fillmore,St,,,street space,issued,10/11/2017,10/11/2017,10/11/2017,,10/11/2017,,,,,,,,1,,,,,,,,,,,,5,Hayes Valley,94117,"(37.777501464434096, -122.4313176580435)",1.48302E+11
M843007,8,otc alterations permit,10/12/2017,1095,5,2425,,Geary,Bl,,,street space,issued,10/12/2017,10/12/2017,10/12/2017,,10/12/2017,,,,,,,,1,,,,,,,,,,,,2,Lone Mountain/USF,94115,"(37.78231492051284, -122.44311204170013)",1.48305E+11
M843807,8,otc alterations permit,10/13/2017,24,011C,2718,,Hyde,St,,,street space for pa201709279745,reinstated,10/20/2017,10/13/2017,10/13/2017,,10/13/2017,,,,,,,,1,,,,,,,,,,,,2,Russian Hill,94109,"(37.806017225478456, -122.42015526260425)",1.48331E+12
M845227,8,otc alterations permit,10/17/2017,1431,28,264,,03rd,Av,,,street space & sidewalk repair,issued,10/17/2017,10/17/2017,10/17/2017,,10/17/2017,,,,,,,,1,,,,,,,,,,,,1,Inner Richmond,94118,"(37.78372760851531, -122.46092340202318)",1.48365E+11
M845327,8,otc alterations permit,10/17/2017,299,19,861,,Sutter,St,,,street space,issued,10/17/2017,10/17/2017,10/17/2017,,10/17/2017,,,,,,,,1,,,,,,,,,,,,3,Nob Hill,94109,"(37.788197996005636, -122.41442324510548)",1.48368E+11
2.0171E+11,7,wall or painted sign,10/24/2017,8702,611,274,,King,St,,,re-face (1) existing projecting sign. maher na,filed,10/24/2017,10/24/2017,,,,,,,,,,1000,,,,,,2,,,,,,,6,Mission Bay,94107,"(37.777642220223974, -122.39341813656613)",1.48448E+12
M849547,8,otc alterations permit,10/30/2017,6165,13,66,,Mill,St,,,street space,issued,10/30/2017,10/30/2017,10/30/2017,,10/30/2017,,,,,,,,1,,,,,,,,,,,,10,Visitacion Valley,94134,"(37.71876662168294, -122.40622225145289)",1.48532E+12
M851827,8,otc alterations permit,11/3/2017,2038A,26,1730,,12th,Av,,,street space,issued,11/3/2017,11/3/2017,11/3/2017,,11/3/2017,,,,,,,,1,,,,,,,,,,,,7,Inner Sunset,94122,"(37.7558354230817, -122.46863203513271)",1.48595E+12
M853107,8,otc alterations permit,11/7/2017,3763,22,483,,03rd,St,,,street space and mta permits,issued,11/7/2017,11/7/2017,11/7/2017,,11/7/2017,,,,,,,,1,,,,,,,,,,,,6,Financial District/South Beach,94107,"(37.78174763474234, -122.39596460976995)",1.4863E+12
M853247,8,otc alterations permit,11/7/2017,640,29,1809,,Gough,St,201,,street space permit,issued,11/7/2017,11/7/2017,11/7/2017,,11/7/2017,,,,,,,,1,,,,,,,,,,,,2,Pacific Heights,94109,"(37.790448830284234, -122.42601228372914)",1.48636E+11
M854087,8,otc alterations permit,11/9/2017,991,49,3953,,Washington,St,,,street space,issued,11/9/2017,11/9/2017,11/9/2017,,11/9/2017,,,,,,,,1,,,,,,,,,,,,2,Presidio Heights,94118,"(37.78826160313802, -122.45839792897874)",1.48657E+11
M854747,8,otc alterations permit,11/13/2017,249,23,1571,,Sacramento,St,,,street space permit,issued,11/13/2017,11/13/2017,11/13/2017,,11/13/2017,,,,,,,,1,,,,,,,,,,,,3,Nob Hill,94109,"(37.79160220196534, -122.41866491945744)",1.48685E+12
M854907,8,otc alterations permit,11/13/2017,3590,13,3320,,19th,St,,,street space,issued,11/13/2017,11/13/2017,11/13/2017,,11/13/2017,,,,,,,,1,,,,,,,,,,,,9,Mission,94110,"(37.760524816501416, -122.41758272141853)",1.48689E+12
M855127,8,otc alterations permit,11/13/2017,1252,42,718,,Cole,St,,,street space permit,issued,11/13/2017,11/13/2017,11/13/2017,,11/13/2017,,,,,,,,1,,,,,,,,,,,,5,Haight Ashbury,94117,"(37.76807732513583, -122.45007833970155)",1.48693E+11
2.01711E+11,3,additions alterations or repairs,11/15/2017,6969,1,5050,,Mission,St,,,fire alarm system for appln #201006104250,filed,11/15/2017,11/15/2017,,,,,,,,,,,,,,,,2,,,,,,,11,Outer Mission,94112,"(37.71772263199437, -122.44060092814006)",1.48723E+12
M857329,8,otc alterations permit,11/17/2017,4024,3,624,,Hampshire,St,,,street space,issued,11/17/2017,11/17/2017,11/17/2017,,11/17/2017,,,,,,,,1,,,,,,,,,,,,10,Mission,94110,"(37.761456067566776, -122.40846096212044)",1.48761E+12
M857707,8,otc alterations permit,11/20/2017,5666,10,156,,Wool,St,,,streetspace,issued,11/20/2017,11/20/2017,11/20/2017,,11/20/2017,,,,,,,,0,,,,,,,,,,,,9,Bernal Heights,94110,"(37.73977153028013, -122.41727389222731)",1.48776E+12
M858789,8,otc alterations permit,11/27/2017,912,002A,1856,,Jefferson,St,,,street space prmit,issued,11/27/2017,11/27/2017,11/27/2017,,11/27/2017,,,,,,,,1,,,,,,,,,,,,2,Marina,94123,"(37.80500098348984, -122.44312789248019)",1.48828E+12
2.01711E+11,8,otc alterations permit,11/27/2017,1744,39,1241,,06th,Av,,,install 6 vinyl windows size for size on back wall,issued,11/27/2017,11/27/2017,11/27/2017,,11/27/2017,,2,2,,,5/27/2018,6000,6000,apartments,3,apartments,3,0,,5,wood frame (5),5,wood frame (5),,5,Inner Sunset,94122,"(37.76535779270799, -122.46346983597869)",1.48841E+12
M859867,8,otc alterations permit,11/28/2017,2417,7,2563,,16th,Av,,,street space,issued,11/28/2017,11/28/2017,11/28/2017,,11/28/2017,,,,,,,,1,,,,,,,,,,,,7,West of Twin Peaks,94116,"(37.74014357143049, -122.47259785447889)",1.48858E+12
M860867,8,otc alterations permit,11/30/2017,187,1,1455,,Leavenworth,St,0,,street space,issued,11/30/2017,11/30/2017,11/30/2017,,11/30/2017,,,,,,,,1,,,,,,,,,,,,3,Russian Hill,94109,"(37.794608915442694, -122.41666671768017)",1.48883E+12
M861547,8,otc alterations permit,12/1/2017,327,18,165,,Ofarrell,St,,,street space permit - renewal of permit # m783367,issued,12/1/2017,12/1/2017,12/1/2017,,12/1/2017,,,,,,,,1,,,,,,,,,,,,3,Financial District/South Beach,94102,"(37.78622455286341, -122.40734672057884)",1.489E+11
M863107,8,otc alterations permit,12/5/2017,1676,001H,835,,33rd,Av,,,street space,issued,12/5/2017,12/5/2017,12/5/2017,,12/5/2017,,,,,,,,1,,,,,,,,,,,,1,Outer Richmond,94121,"(37.7731864648277, -122.4931642429677)",1.48944E+12
M863627,8,otc alterations permit,12/6/2017,473,7,1304,,Francisco,St,,,street space,issued,12/6/2017,12/6/2017,12/6/2017,,12/6/2017,,,,,,,,1,,,,,,,,,,,,2,Marina,94123,"(37.803097650767135, -122.4268812097281)",1.48959E+11
M863967,8,otc alterations permit,12/7/2017,3728,8,1202,,Howard,St,,,street space,issued,12/7/2017,12/7/2017,12/7/2017,,12/7/2017,,,,,,,,1,,,,,,,,,,,,6,South of Market,94103,"(37.776258877899394, -122.4119816702891)",1.48969E+12
M864087,8,otc alterations permit,12/7/2017,1212,70,215,,Cole,St,1,,street space permit,issued,12/7/2017,12/7/2017,12/7/2017,,12/7/2017,,,,,,,,1,,,,,,,,,,,,5,Lone Mountain/USF,94117,"(37.77295138711437, -122.45120688231127)",1.48973E+12
M864147,8,otc alterations permit,12/7/2017,510,13,2250,,Greenwich,St,,,street space,issued,12/7/2017,12/7/2017,12/7/2017,,12/7/2017,,,,,,,,1,,,,,,,,,,,,2,Marina,94123,"(37.79909185253604, -122.43683336533985)",1.48976E+11
M864527,8,otc alterations permit,12/8/2017,642,87,1700,,California,St,1007,,common area- street space & mta parking meter,issued,12/8/2017,12/8/2017,12/8/2017,,12/8/2017,,,,,,,,1,,,,,,,,,,,,2,Pacific Heights,94109,"(37.79055541147386, -122.4230298567197)",1.48986E+11
M864647,8,otc alterations permit,12/8/2017,4097,045A,737,,Carolina,St,,,street space,issued,12/8/2017,12/8/2017,12/8/2017,,12/8/2017,,,,,,,,1,,,,,,,,,,,,10,Potrero Hill,94107,"(37.75927525128718, -122.39979001449888)",1.4899E+12
M859387,8,otc alterations permit,11/28/2017,3995,22,595,,Mariposa,St,,,street space permit - renewal of permit #m842087,issued,12/8/2017,11/28/2017,12/8/2017,,12/8/2017,,,,,,,,1,,,,,,,,,,,,10,Potrero Hill,94107,"(37.7641409841946, -122.38952857235172)",1.48995E+12
M865207,8,otc alterations permit,12/11/2017,993,12,3778,,Clay,St,,,strwet space permit,issued,12/11/2017,12/11/2017,12/11/2017,,12/11/2017,,,,,,,,1,,,,,,,,,,,,2,Presidio Heights,94118,"(37.78829850083694, -122.45506041199897)",1.4901E+11
M867767,8,otc alterations permit,12/18/2017,185,13,1446,,Jackson,St,,,street space,issued,12/18/2017,12/18/2017,12/18/2017,,12/18/2017,,,,,,,,1,,,,,,,,,,,,3,Russian Hill,94109,"(37.79471233986647, -122.41898268036178)",1.49095E+11
2.01712E+11,3,additions alterations or repairs,12/19/2017,2611,42,2,,Castro,St,0,,to comply with nov 201719241 seismic retrofit. 2016 cebc appendix a-4,filed,12/19/2017,12/19/2017,,,,,3,3,,,,40000,,apartments,8,apartments,8,2,,5,wood frame (5),5,wood frame (5),,8,Castro/Upper Market,94114,"(37.76879786581987, -122.43595233495957)",1.49112E+12
2.01712E+11,1,new construction,12/20/2017,4991,85,250,,Executive Park,Bl,,,bldg 7. erect a type i&iii (5) story (3) basement 167 dwelling unit and retail building. maher n/a,filed,12/20/2017,12/20/2017,,,,,,5,,,,25000000,,,,apartments,74,2,,,,1,constr type 1,Y,10,Bayview Hunters Point,94134,"(37.710262656811906, -122.39181337034003)",1.49135E+12
M869807,8,otc alterations permit,12/22/2017,474,36,1111,,Bay,St,201,,street space,issued,12/22/2017,12/22/2017,12/22/2017,,12/22/2017,,,,,,,,1,,,,,,,,,,,,2,Marina,94123,"(37.80383760408627, -122.425481726898)",1.49162E+11
M869987,8,otc alterations permit,12/22/2017,1041,16,590,,Spruce,St,,,street space,issued,12/22/2017,12/22/2017,12/22/2017,,12/22/2017,,,,,,,,1,,,,,,,,,,,,2,Presidio Heights,94118,"(37.78433078356834, -122.45341049084826)",1.49167E+11
M870307,8,otc alterations permit,12/26/2017,3654,19,3998,,24th,St,,,street space,issued,12/26/2017,12/26/2017,12/26/2017,,12/26/2017,,,,,,,,1,,,,,,,,,,,,8,Noe Valley,94114,"(37.75161242561386, -122.43165739700228)",1.49179E+12
M870527,8,otc alterations permit,12/27/2017,0442A,15,50,,Capra,Wy,0,,street space permit,issued,12/27/2017,12/27/2017,12/27/2017,,12/27/2017,,,,,,,,1,,,,,,,,,,,,2,Marina,94123,"(37.802888387282984, -122.4397144224316)",1.49187E+12
M870607,8,otc alterations permit,12/27/2017,3542,41,2100,,Market,St,,,street space,issued,12/27/2017,12/27/2017,12/27/2017,,12/27/2017,,,,,,,,1,,,,,,,,,,,,8,Castro/Upper Market,94114,"(37.76747317610972, -122.42941499242298)",1.4919E+12
2.01712E+11,3,additions alterations or repairs,12/28/2017,1419,29,274,,15th,Av,,,"horizontal adddition. addition of rear stairs and interior remodel of dwelling. including (n) beds, (n) baths (n) kitchen.",filed,12/28/2017,12/28/2017,,,,Y,3,3,,,,500000,,1 family dwelling,1,2 family dwelling,2,2,,5,wood frame (5),5,wood frame (5),Y,1,Outer Richmond,94118,"(37.783004678170975, -122.47380756548935)",1.49205E+11
2.01303E+11,7,wall or painted sign,3/22/2013,719,2,901,,Van Ness,Av,,,"to erect electric, projecting, double faced sign. change copy only. insert new face into exsiting sign.",cancelled,7/31/2017,3/22/2013,,,,,,,,,,1000,,,,,,2,,,,,,,5,Western Addition,94109,"(37.78400192377985, -122.42169433153967)",1.29957E+11
2.01407E+11,3,additions alterations or repairs,7/8/2014,5900A,25,801,,Silver,Av,,,new sprinkler system. 94 heads. ref: 2014-11-12-1272.,complete,9/8/2017,7/8/2014,9/11/2015,9/8/2017,9/11/2015,,2,2,,Y,9/5/2016,15000,47000,church,,church,,2,,3,constr type 3,3,constr type 3,,9,Portola,94134,"(37.7295502279417, -122.41833852987313)",1.3482E+12
2.01408E+11,8,otc alterations permit,8/25/2014,3509,29,63,A,Grace,St,,,to comply with physical inspection report cc7777,complete,10/4/2017,8/25/2014,8/25/2014,10/4/2017,8/25/2014,,3,3,,,8/20/2015,500,500,apartments,4,apartments,4,0,,5,wood frame (5),5,wood frame (5),,6,South of Market,94103,"(37.774944547030586, -122.41443674356925)",1.3533E+12
2.01501E+11,3,additions alterations or repairs,1/20/2015,1226,19,418,,Shrader,St,,,rear structure - converting structure at the rear of the property to a dwelling unit.,cancelled,9/19/2017,1/20/2015,,,,,1,1,,,,35000,,storage shed,0,1 family dwelling,1,2,,5,wood frame (5),5,wood frame (5),,5,Haight Ashbury,94117,"(37.770762127562946, -122.45184046838122)",1.37034E+12
2.01505E+11,8,otc alterations permit,5/19/2015,3105A,5,235,,San Anselmo,Av,,,"revision to 201502188647, show new wall detail at new a8",expired,7/7/2017,5/19/2015,5/20/2015,,5/20/2015,,2,2,,,5/14/2016,50000,50000,1 family dwelling,1,1 family dwelling,1,2,,5,wood frame (5),5,wood frame (5),,7,West of Twin Peaks,94127,"(37.73379936523225, -122.46437263573927)",1.38216E+12
2.01505E+11,6,demolitions,5/29/2015,3780,1,502,,07th,St,,,"demolish a 2 stories, storage building.",issued,7/19/2017,5/29/2015,7/19/2017,,7/19/2017,,2,,,,1/15/2018,20000,40000,office,0,,,2,,5,wood frame (5),,,,6,South of Market,94103,"(37.77399389340962, -122.40478807349099)",1.38327E+12
2.01511E+11,8,otc alterations permit,11/30/2015,2402,33,2411,,23rd,Av,0,,"soft story retrofit per sfbc chapter 34b, 2012 iebc appendix a-4.",withdrawn,7/20/2017,11/30/2015,,,,,3,3,,,,20000,0,apartments,8,apartments,8,2,,5,wood frame (5),5,wood frame (5),,4,Sunset/Parkside,94116,"(37.74253513204044, -122.48020663366745)",1.40482E+12
2.01602E+11,3,additions alterations or repairs,2/5/2016,6404,17,1201,,Geneva,Av,,,change of use/occupancy from  existing grocery story to church.,issued,11/1/2017,2/5/2016,11/1/2017,,11/1/2017,,1,1,,,11/1/2018,1000,40000,retail sales,0,church,0,2,,5,wood frame (5),5,wood frame (5),,11,Excelsior,94112,"(37.71433687660641, -122.43582765047069)",1.41158E+12
2.01602E+11,3,additions alterations or repairs,2/17/2016,4700,43,1004,,Griffith,St,,,"provide a new sprinklers monitoring system, water flow and valve monitoring",complete,10/13/2017,2/17/2016,7/1/2016,10/13/2017,7/1/2016,,2,2,,Y,6/26/2017,17749,18000,apartments,,apartments,,2,,5,wood frame (5),5,wood frame (5),,10,Bayview Hunters Point,94124,"(37.72895726243854, -122.37932169727125)",1.41283E+12
2.01603E+11,8,otc alterations permit,3/16/2016,3786,322,505,,Brannan,St,,,temp shoring & excavation,complete,10/10/2017,3/16/2016,3/31/2016,10/10/2017,3/31/2016,,,,,,3/10/2020,7000000,1500000,vacant lot,,vacant lot,,2,,,,,,,6,South of Market,94107,"(37.77759698731051, -122.39669490652187)",1.41624E+12
2.01603E+11,3,additions alterations or repairs,3/31/2016,1289,20,1591,,Shrader,St,,,building addition deck & balcony at (e) 3-story single family dwelling,cancelled,9/11/2017,3/31/2016,,,,Y,3,3,,,,25000,,1 family dwelling,1,1 family dwelling,1,2,,5,wood frame (5),5,wood frame (5),Y,5,Inner Sunset,94117,"(37.760086498456246, -122.45055881787229)",1.41801E+11
2.01604E+11,8,otc alterations permit,4/6/2016,1497,016E,583,,47th,Av,,,permeation grouting of 22 lineal ft of foundation,complete,9/28/2017,4/6/2016,4/6/2016,9/28/2017,4/6/2016,,2,2,,,4/1/2017,8200,8200,1 family dwelling,1,1 family dwelling,1,2,,5,wood frame (5),5,wood frame (5),,1,Outer Richmond,94121,"(37.77743123832622, -122.50842623186071)",1.41865E+12
2.01606E+11,3,additions alterations or repairs,6/16/2016,252,4,1005,,Jones,St,0,,soft storey retrofit - residential,withdrawn,12/27/2017,6/16/2016,,,,,4,4,,,,25700,,apartments,6,apartments,6,2,,5,wood frame (5),5,wood frame (5),,3,Nob Hill,94109,"(37.79064871045098, -122.414128594971)",1.427E+12
2.01606E+11,8,otc alterations permit,6/24/2016,5704,27,437,,Ellsworth,St,,,foundation repair @ rear.,withdrawn,10/5/2017,6/24/2016,,,,,2,2,,,,10000,0,1 family dwelling,1,1 family dwelling,1,2,,5,wood frame (5),5,wood frame (5),,9,Bernal Heights,94110,"(37.73793272610526, -122.41446118168759)",1.42795E+12
2.01607E+11,6,demolitions,7/27/2016,6580,36,4041,,Cesar Chavez,St,,,to demolish 2 stories of 1 family dwelling,complete,1/19/2018,7/27/2016,9/14/2017,1/19/2018,9/14/2017,,2,,,,3/14/2018,20000,20000,1 family dwelling,1,,,2,,5,wood frame (5),,,,8,Noe Valley,94131,"(37.747266171580726, -122.43013955813504)",1.43159E+12
2.01609E+11,8,otc alterations permit,9/9/2016,7241,32,291,,Stratford,Dr,,,reroofing,complete,9/22/2017,9/9/2016,9/9/2016,9/22/2017,9/9/2016,,1,1,,,9/4/2017,9800,9800,1 family dwelling,1,1 family dwelling,1,0,,5,wood frame (5),5,wood frame (5),,7,West of Twin Peaks,94132,"(37.720049707114235, -122.47335185005464)",1.43673E+12
2.01609E+11,3,additions alterations or repairs,9/14/2016,856,23,115,,Haight,St,,,soft story retrofit per sfbc chapter 34b engineering criteria fema p-807,appeal,9/15/2017,9/14/2016,,,,,4,4,,,,40000,40000,apartments,17,apartments,17,2,,5,wood frame (5),5,wood frame (5),,5,Hayes Valley,94102,"(37.77261380729689, -122.4242148174291)",1.43729E+11
2.0161E+11,8,otc alterations permit,10/7/2016,4991,126,830,,Meade,Av,,,reroofing,complete,10/3/2017,10/7/2016,10/7/2016,10/3/2017,10/7/2016,,2,2,,,10/2/2017,6500,6500,1 family dwelling,1,1 family dwelling,1,0,,5,wood frame (5),5,wood frame (5),,10,Bayview Hunters Point,94124,"(37.717442069126626, -122.39625858274498)",1.44022E+12
2.0161E+11,8,otc alterations permit,10/17/2016,105,25,1402,,Kearny,St,,,"bathroom remodel  - r/r tu, vanity and toilet",complete,8/22/2017,10/17/2016,10/17/2016,8/22/2017,10/17/2016,,3,3,,,10/12/2017,10000,10000,apartments,7,apartments,7,0,,5,wood frame (5),5,wood frame (5),,3,North Beach,94133,"(37.80103396951995, -122.4059366362017)",1.4411E+12
2.01611E+11,8,otc alterations permit,11/23/2016,3787,33,427,,Brannan,St,,,"2nd flr: installing remote power supply 6 a/v, 13 strobes, 2 ductsmaher na",complete,9/14/2017,11/23/2016,11/23/2016,9/14/2017,11/23/2016,,2,2,,Y,11/18/2017,6700,7500,office,,office,,2,,3,constr type 3,3,constr type 3,,6,South of Market,94107,"(37.77935008395097, -122.39472107911563)",1.44534E+12
2.01612E+11,8,otc alterations permit,12/14/2016,85,026A,1460,,Montgomery,St,,,add 1/2 bathroom at 2nd floor. remodel kitchen at 3rd floor,complete,7/21/2017,12/14/2016,12/15/2016,7/21/2017,12/15/2016,,3,3,,,12/10/2017,20000,20000,apartments,3,apartments,3,2,,5,wood frame (5),5,wood frame (5),,3,North Beach,94133,"(37.802715455284975, -122.40452290834084)",1.44741E+12
2.01612E+11,8,otc alterations permit,12/22/2016,3794,15,101,,Townsend,St,,,revision to 201607081849: structural sheets only 2794 maher na,complete,12/4/2017,12/22/2016,12/30/2016,12/4/2017,12/30/2016,,3,3,,,12/25/2017,1,1,office,,office,,2,,3,constr type 3,3,constr type 3,,6,Mission Bay,94107,"(37.780225508554, -122.39046531707588)",1.44841E+12
2.01612E+11,8,otc alterations permit,12/19/2016,2679,18,283,,Oak Park,Dr,,,"revision to pa #2016.0912.7460 - add ceiling truss, two post & one beam.",withdrawn,11/27/2017,12/19/2016,,,,,2,2,,,,3000,0,1 family dwelling,1,1 family dwelling,1,2,,5,wood frame (5),5,wood frame (5),,7,Inner Sunset,94131,"(37.75393571746845, -122.45759042994501)",1.44859E+12
2.01702E+11,8,otc alterations permit,2/3/2017,4272,34,3023,,25th,St,,,reroofing.,complete,12/22/2017,2/3/2017,2/3/2017,12/22/2017,2/3/2017,,2,2,,,1/29/2018,18533,18533,2 family dwelling,1,2 family dwelling,1,0,,5,wood frame (5),5,wood frame (5),,9,Mission,94110,"(37.75091944351511, -122.41047342985635)",1.45223E+12
2.01702E+11,8,otc alterations permit,2/8/2017,3555,63,474,,Valencia,St,,,"interior (non-structural) alterations for new workstations, lighting & redistribution of hvac (e); minor electrical & plumbing at 2nd floor.",complete,9/20/2017,2/8/2017,2/14/2017,9/20/2017,2/14/2017,,2,2,,,1/30/2020,127180,127180,office,0,office,0,2,,5,wood frame (5),5,wood frame (5),,8,Mission,94103,"(37.765414054947826, -122.42243402215223)",1.45266E+12
2.01702E+11,4,sign - erect,2/10/2017,3707,16,90,,New Montgomery,St,,,to erect electrical illuminated double faced sign - maher ordinance - extended ordinance no.155-13 n/a,issued,10/17/2017,2/10/2017,10/17/2017,,10/17/2017,,15,,,,2/17/2018,5000,5000,food/beverage hndlng,,,,2,,1,constr type 1,,,,6,Financial District/South Beach,94105,"(37.78742256247351, -122.40093229776461)",1.45294E+12
2.01709E+11,8,otc alterations permit,9/14/2017,5853,15,194,,Gaven,St,,,2/f: replace kitchen cabinets.,issued,9/19/2017,9/14/2017,9/19/2017,,9/19/2017,,2,2,,,1/19/2018,1500,10000,1 family dwelling,1,1 family dwelling,1,0,,5,wood frame (5),5,wood frame (5),,9,Portola,94134,"(37.733257139453976, -122.40965158198252)",1.47932E+12
2.01703E+11,8,otc alterations permit,3/13/2017,181,20,1086,,Jackson,St,,,reroofing.,complete,7/28/2017,3/13/2017,3/13/2017,7/28/2017,3/13/2017,,4,4,,,3/8/2018,15000,15000,apartments,4,apartments,4,0,,5,wood frame (5),5,wood frame (5),,3,Nob Hill,94133,"(37.79541765626006, -122.41289752397776)",1.45597E+12
2.01703E+11,7,wall or painted sign,3/27/2017,175,6,412,,Jackson,St,,,non structural sign. n/a for maher ordinance no. 155-13.,issued,11/13/2017,3/27/2017,11/13/2017,,11/13/2017,,,,,,3/13/2018,500,500,,,,,2,,,,,,,3,Chinatown,94133,"(37.79672027240272, -122.40229034933267)",1.45743E+11
2.01703E+11,4,sign - erect,3/28/2017,327,25,1,,Stockton,St,,,electric wall sign single faced,withdrawn,7/6/2017,3/28/2017,,,,,2,,,,,4000,,retail sales,0,,,2,,2,constr type 2,,,,3,Financial District/South Beach,94102,"(37.78584544618807, -122.40652160493985)",1.45759E+11
2.01703E+11,8,otc alterations permit,3/30/2017,320,4,531,,Hyde,St,,,apt. #7:  kitchen remodeling.  no removal of wall,complete,8/30/2017,3/30/2017,3/30/2017,8/30/2017,3/30/2017,,4,4,,,3/25/2018,16000,16000,apartments,16,apartments,16,0,,5,wood frame (5),5,wood frame (5),,6,Tenderloin,94109,"(37.78578517212513, -122.41669995016962)",1.45791E+12
2.01703E+11,8,otc alterations permit,3/16/2017,6654,1,353,,30th,St,,,exterior stair & landing repair. repair in kind per plan,complete,8/11/2017,3/16/2017,4/20/2017,8/11/2017,4/20/2017,,3,3,,,4/15/2018,30000,30000,apartments,4,apartments,4,2,,5,wood frame (5),5,wood frame (5),,8,Glen Park,94131,"(37.741796290218524, -122.4280304040457)",1.46017E+12
2.01704E+11,8,otc alterations permit,4/20/2017,3635,5,1138,,Valencia,St,,,1138a valencia street: remodel kitchen and bathroom as-is,complete,7/26/2017,4/20/2017,4/20/2017,7/26/2017,4/20/2017,,3,3,,,4/15/2018,25000,25000,apartments,15,apartments,15,0,,5,wood frame (5),5,wood frame (5),,8,Mission,94110,"(37.75468334123369, -122.42119735056855)",1.46019E+12
2.01704E+11,8,otc alterations permit,4/27/2017,3738,11,301,,Howard,St,,,t24 electrical for work under 201703272389,complete,7/3/2017,4/27/2017,4/28/2017,7/3/2017,4/28/2017,,23,23,,,4/23/2018,96000,96000,office,0,office,0,2,,1,constr type 1,1,constr type 1,,6,Financial District/South Beach,94105,"(37.78951790121917, -122.39426523763933)",1.46106E+12
2.01705E+11,4,sign - erect,5/3/2017,328,1,768,,Market,St,,,"to erect electric, wall, single faced sign. (illuminated)** maher: n/a **",withdrawn,10/12/2017,5/3/2017,,,,,11,,,,,4000,,retail sales,0,,,2,,1,constr type 1,,,,3,Financial District/South Beach,94108,"(37.786382767276045, -122.40546332975441)",1.46173E+12
2.01705E+11,8,otc alterations permit,5/3/2017,4150,21,1061,,Florida,St,,,reroofing,cancelled,10/23/2017,5/3/2017,5/3/2017,,5/3/2017,,2,2,,,4/28/2018,11950,11950,1 family dwelling,1,1 family dwelling,1,0,,5,wood frame (5),5,wood frame (5),,9,Mission,94110,"(37.754907619215444, -122.40999547082743)",1.4618E+12
2.01705E+11,8,otc alterations permit,5/18/2017,534,37,3022,,Steiner,St,,,reroofing,complete,12/28/2017,5/18/2017,5/18/2017,12/28/2017,5/18/2017,,2,2,,,5/13/2018,22300,22300,2 family dwelling,2,2 family dwelling,2,0,,5,wood frame (5),5,wood frame (5),,2,Marina,94123,"(37.79727793436006, -122.43694237165829)",1.46355E+11
2.01705E+11,3,additions alterations or repairs,5/18/2017,252,4,1005,,Jones,St,0,,soft story - steel frame & shear wall. no exterior work,issued,12/27/2017,5/18/2017,12/27/2017,,12/27/2017,,4,4,,,6/27/2018,20000,8640,retail sales,6,retail sales,6,2,,5,wood frame (5),5,wood frame (5),,3,Nob Hill,94109,"(37.79064871045098, -122.414128594971)",1.4637E+12
2.01705E+11,4,sign - erect,5/26/2017,6509,35,3845,,24th,St,,,new double faced sign 'stephen moore home mercantile',complete,8/1/2017,5/26/2017,7/12/2017,8/1/2017,7/12/2017,,2,,,,7/7/2018,50,50,retail sales,0,,,2,,5,wood frame (5),,,,8,Noe Valley,94114,"(37.7514383152092, -122.42837666516778)",1.46469E+12
2.01705E+11,8,otc alterations permit,5/26/2017,3537,33,81,,Sanchez,St,,,soft story wood frame retrofit,complete,10/16/2017,5/26/2017,5/31/2017,10/16/2017,5/31/2017,,3,3,,,5/26/2018,50000,80000,apartments,9,apartments,9,2,,4,constr type 4,4,constr type 4,,8,Castro/Upper Market,94114,"(37.767870395070226, -122.4309442751996)",1.46472E+12
2.01705E+11,8,otc alterations permit,5/30/2017,4015,3,2650,,18th,St,,,install fire sprinkler throughout bld and underground servicemaher na,complete,10/18/2017,5/30/2017,6/1/2017,10/18/2017,6/1/2017,,2,2,,Y,5/16/2020,178500,178500,office,,office,,2,,3,constr type 3,3,constr type 3,,10,Mission,94110,"(37.76211564348428, -122.40882719698217)",1.46488E+12
2.01705E+11,8,otc alterations permit,5/31/2017,3044,9,40,,Saint Elmo,Wy,,,add shower to (e) bathroom on main floor. n/a for maher.,complete,10/13/2017,5/31/2017,5/31/2017,10/13/2017,5/31/2017,,2,2,,,5/26/2018,8000,8000,1 family dwelling,1,1 family dwelling,1,2,,5,wood frame (5),5,wood frame (5),,7,West of Twin Peaks,94127,"(37.73247642375762, -122.45931051205542)",1.46507E+12
2.01706E+11,8,otc alterations permit,6/1/2017,3708,28,71,,Stevenson,St,,,22 st flr: electrical for 201705197098,complete,10/26/2017,6/1/2017,6/2/2017,10/26/2017,6/2/2017,,23,23,,,5/28/2018,100000,100000,office,,office,,2,,1,constr type 1,1,constr type 1,,6,Financial District/South Beach,94105,"(37.7893842722688, -122.39965909072765)",1.46521E+12
2.01706E+11,8,otc alterations permit,6/1/2017,3606,85,240,,Liberty,St,,A,reroofing.,complete,8/29/2017,6/1/2017,6/1/2017,8/29/2017,6/1/2017,,4,4,,,5/27/2018,46600,46600,apartments,6,apartments,6,0,,5,wood frame (5),5,wood frame (5),,8,Castro/Upper Market,94114,"(37.757615513382525, -122.42667063025485)",1.46525E+12
2.01706E+11,8,otc alterations permit,6/6/2017,696,35,1388,,Gough,St,401,,"install rooftop guardrail @ mid-rise, hi-rise and penthouse",issued,12/19/2017,6/6/2017,12/19/2017,,12/19/2017,,13,13,,,12/19/2018,45000,45000,apartments,72,apartments,72,2,,1,constr type 1,1,constr type 1,,2,Western Addition,94109,"(37.78587078183175, -122.42444733556172)",1.46584E+12
2.01706E+11,8,otc alterations permit,6/7/2017,295,8,450,,Powell,St,,,installation of emergency evacuation signs in elevator lobbies.,complete,7/10/2017,6/7/2017,6/8/2017,7/10/2017,6/8/2017,,22,22,,Y,6/3/2018,1,1600,tourist hotel/motel,415,tourist hotel/motel,415,2,,2,constr type 2,2,constr type 2,,3,Financial District/South Beach,94108,"(37.7889844563134, -122.40822615293433)",1.46598E+12
2.01706E+11,6,demolitions,6/8/2017,3521,5,340,,11th,St,,,demolition of a 2-story commercial building with no basements. n/a for maher ordinance.,approved,8/22/2017,6/8/2017,,,,,2,,,,,100000,100000,retail sales,0,,,2,,3,constr type 3,,,,6,Mission,94103,"(37.771175863006434, -122.41354619526811)",1.46617E+12
2.01706E+11,8,otc alterations permit,6/20/2017,6562,54,4270,,Cesar Chavez,St,,,"remodel existing bathroom, relocate shower & vanity,  in kind bathroom remodel, same size",complete,12/4/2017,6/20/2017,6/20/2017,12/4/2017,6/20/2017,,4,4,,,6/15/2018,18000,18000,1 family dwelling,1,1 family dwelling,1,0,,5,wood frame (5),5,wood frame (5),,8,Noe Valley,94131,"(37.74746175577428, -122.43531442810931)",1.46759E+12
2.01706E+11,8,otc alterations permit,6/22/2017,3629,45,1023,,Church,St,1,,re-roofing,complete,9/5/2017,6/22/2017,6/22/2017,9/5/2017,6/22/2017,,3,3,,,6/17/2018,23000,23000,apartments,4,apartments,4,0,,5,wood frame (5),5,wood frame (5),,8,Noe Valley,94114,"(37.754505027075965, -122.42733421267502)",1.46795E+12
2.01706E+11,8,otc alterations permit,6/23/2017,1859A,011A,48,,Lurline,St,,,reroofing,complete,7/5/2017,6/23/2017,6/23/2017,7/5/2017,6/23/2017,,2,2,,,6/18/2018,8000,8000,1 family dwelling,1,1 family dwelling,1,0,,5,wood frame (5),5,wood frame (5),,7,Inner Sunset,94122,"(37.7595252108803, -122.47093527555351)",1.46818E+12
2.01706E+11,8,otc alterations permit,6/27/2017,3760,131,70,,Oak Grove,St,,,"install fire panel for elevator recall. 1 facu, 4 smoke detectors, 3 relays. maher n/a",complete,9/19/2017,6/27/2017,6/27/2017,9/19/2017,6/27/2017,,2,2,,Y,6/22/2018,4500,4500,office,0,office,0,2,,5,wood frame (5),5,wood frame (5),,6,South of Market,94107,"(37.777108836339615, -122.40223405147992)",1.46845E+12
2.01706E+11,3,additions alterations or repairs,6/27/2017,97,18,1178,,Union,St,,,compliance w/ mandatory seismic retrofit program 2016 sfebc sec 4d & ab-107.,approved,10/18/2017,6/27/2017,,,,,3,3,,,,30000,48000,apartments,5,apartments,5,2,,5,wood frame (5),5,wood frame (5),,2,Russian Hill,94109,"(37.79942899647979, -122.41872814938218)",1.4685E+12
2.01706E+11,8,otc alterations permit,6/27/2017,297,28,515,,Mason,St,,,19/f: revise light fixtures. ref 201703312946,issued,7/12/2017,6/27/2017,7/12/2017,,7/12/2017,,21,21,,,7/7/2018,1,1,tourist hotel/motel,350,tourist hotel/motel,350,2,,1,constr type 1,1,constr type 1,,3,Nob Hill,94102,"(37.78831830234988, -122.41054888775284)",1.46853E+12
2.01706E+11,8,otc alterations permit,6/29/2017,8721,32,455,,Mission Bay Blvd South,,0,,"3/f- reconfigure conference rooms, av, lab gas for new bsc, demo of existing exhaust hood, reconfigure breakroom, (n) lab desks. n/a ordinance #155-13",issued,7/17/2017,6/29/2017,7/17/2017,,7/17/2017,,5,5,,,7/1/2020,800000,800000,office,0,office,0,2,,1,constr type 1,1,constr type 1,,6,Mission Bay,94158,"(37.77045150901297, -122.38852892114899)",1.46878E+12
M803330,8,otc alterations permit,6/29/2017,3733,161,320,,Clementina,St,0,,street space,issued,7/3/2017,6/29/2017,7/3/2017,,7/3/2017,,,,,,,,1,,,,,,,,,,,,6,South of Market,94103,"(37.78216754874572, -122.4027705665087)",1.4689E+12
2.01706E+11,8,otc alterations permit,6/30/2017,2829,23,859,,Elizabeth,St,,,reroofing,issued,6/30/2017,6/30/2017,6/30/2017,,6/30/2017,,3,3,,,6/25/2018,9800,9800,2 family dwelling,2,2 family dwelling,2,0,,5,wood frame (5),5,wood frame (5),,8,Noe Valley,94114,"(37.75150541602879, -122.43981664684895)",1.46906E+12
